{
  "config": {
    "num_cranes": 3,
    "num_lifts": 24,
    "fixed_duration": 25.0,
    "setup_time": 10.0,
    "crane_radius": 18.0,
    "candidate_k": 5,
    "max_steps": 220,
    "base_seed": 101,
    "seed_runs": 10,
    "train_episodes": 150,
    "seen_seed_start": 101,
    "seen_seed_count": 10,
    "unseen_seed_start": 201,
    "unseen_seed_count": 30,
    "reward": {
      "r_single": 10.0,
      "r_all": 100.0,
      "r_same": 3.0,
      "p_idle": -0.5,
      "p_inter_soft": -3.0,
      "p_time": -0.1,
      "p_move": -0.02,
      "soft_buffer": 6.0
    },
    "mappo": {
      "gamma": 0.92,
      "gae_lambda": 0.95,
      "actor_lr": 0.001,
      "critic_lr": 0.002,
      "clip_eps": 0.2,
      "entropy_coef": 0.01,
      "value_coef": 0.5,
      "max_grad_norm": 0.5,
      "update_epochs": 4,
      "minibatch_size": 256,
      "hidden_dim": 96,
      "eps_start": 0.35,
      "eps_end": 0.05
    }
  },
  "elapsedSec": 66.80435848236084,
  "trainEpisodes": 150,
  "trainSummary": {
    "best": {
      "ep": 47,
      "seed": 107,
      "makespan": 268.272,
      "done": 24,
      "total": 24,
      "reward": 289.4454174041748,
      "soft": 3,
      "hardMask": 0,
      "move": 151.81940076293708
    },
    "bestCheckpointSeen": {
      "n": 10,
      "completeRate": 100.0,
      "makespan": 320.6164,
      "makespanSd": 41.267132336037115,
      "reward": 278.78512954711914,
      "soft": 6.7,
      "hardMask": 0.0,
      "travel": 17.549555458502134,
      "setup": 107.0,
      "move": 175.49555458502132,
      "actualLiftRadius": 14.799069704586975,
      "actualDangerRadius": 20.799069704586977,
      "ep": 75
    },
    "first10": {
      "n": 10,
      "completeRate": 100.0,
      "makespan": 418.58690000000007,
      "makespanSd": 37.74047478622917,
      "reward": 267.0796736717224,
      "soft": 4.2,
      "hardMask": 0.0,
      "travel": 0.0,
      "setup": 0.0,
      "move": 207.34406419518663,
      "actualLiftRadius": 0.0,
      "actualDangerRadius": 0.0
    },
    "last20": {
      "n": 20,
      "completeRate": 100.0,
      "makespan": 352.39105000000006,
      "makespanSd": 41.28147765339196,
      "reward": 278.8877737402916,
      "soft": 6.3,
      "hardMask": 0.0,
      "travel": 0.0,
      "setup": 0.0,
      "move": 186.2407094526652,
      "actualLiftRadius": 0.0,
      "actualDangerRadius": 0.0
    },
    "modelStats": {
      "updates": 300,
      "actorShareMode": "typeShared",
      "craneType": "50톤 모바일 크레인",
      "actorDim": 17,
      "criticDim": 14
    }
  },
  "seen": {
    "mappo": {
      "n": 10,
      "completeRate": 100.0,
      "makespan": 320.6164,
      "makespanSd": 41.267132336037115,
      "reward": 278.78512954711914,
      "soft": 6.7,
      "hardMask": 0.0,
      "travel": 17.549555458502134,
      "setup": 107.0,
      "move": 175.49555458502132,
      "actualLiftRadius": 14.799069704586975,
      "actualDangerRadius": 20.799069704586977
    },
    "nearest": {
      "n": 10,
      "completeRate": 100.0,
      "makespan": 382.4433,
      "makespanSd": 60.98094321515536,
      "reward": 258.4100545167923,
      "soft": 6.3,
      "hardMask": 0.0,
      "travel": 16.966472000346613,
      "setup": 161.0,
      "move": 169.66472000346613,
      "actualLiftRadius": 15.670073540278901,
      "actualDangerRadius": 21.6700735402789
    },
    "radiusPriority": {
      "n": 10,
      "completeRate": 100.0,
      "makespan": 382.4433,
      "makespanSd": 60.98094321515536,
      "reward": 258.4100545167923,
      "soft": 6.3,
      "hardMask": 0.0,
      "travel": 16.966472000346613,
      "setup": 161.0,
      "move": 169.66472000346613,
      "actualLiftRadius": 15.670073540278901,
      "actualDangerRadius": 21.6700735402789
    },
    "random": {
      "n": 10,
      "completeRate": 100.0,
      "makespan": 455.5141,
      "makespanSd": 48.12687584177888,
      "reward": 260.9439244747162,
      "soft": 3.9,
      "hardMask": 0.0,
      "travel": 24.520238749588717,
      "setup": 158.0,
      "move": 245.20238749588717,
      "actualLiftRadius": 15.910471054404429,
      "actualDangerRadius": 21.91047105440443
    }
  },
  "unseen": {
    "mappo": {
      "n": 30,
      "completeRate": 100.0,
      "makespan": 341.22646666666674,
      "makespanSd": 61.454963362738695,
      "reward": 283.1202446301778,
      "soft": 5.933333333333334,
      "hardMask": 0.0,
      "travel": 16.765838477249265,
      "setup": 101.0,
      "move": 167.6583847724926,
      "actualLiftRadius": 14.488196879482636,
      "actualDangerRadius": 20.488196879482636
    },
    "nearest": {
      "n": 30,
      "completeRate": 100.0,
      "makespan": 385.5650666666668,
      "makespanSd": 57.62962342576565,
      "reward": 266.5006865640481,
      "soft": 4.133333333333334,
      "hardMask": 0.0,
      "travel": 16.10880656754894,
      "setup": 158.0,
      "move": 161.08806567548942,
      "actualLiftRadius": 15.569235909824528,
      "actualDangerRadius": 21.569235909824524
    },
    "radiusPriority": {
      "n": 30,
      "completeRate": 100.0,
      "makespan": 385.5650666666668,
      "makespanSd": 57.62962342576565,
      "reward": 266.5006865640481,
      "soft": 4.133333333333334,
      "hardMask": 0.0,
      "travel": 16.10880656754894,
      "setup": 158.0,
      "move": 161.08806567548942,
      "actualLiftRadius": 15.569235909824528,
      "actualDangerRadius": 21.569235909824524
    },
    "random": {
      "n": 30,
      "completeRate": 100.0,
      "makespan": 423.37073333333325,
      "makespanSd": 65.90150790835939,
      "reward": 262.35888362725575,
      "soft": 4.9,
      "hardMask": 0.0,
      "travel": 21.85925915062705,
      "setup": 151.33333333333334,
      "move": 218.5925915062705,
      "actualLiftRadius": 15.771786644454016,
      "actualDangerRadius": 21.771786644454018
    }
  },
  "modelPath": "python_mappo/outputs_best/pytorch_mappo_model.pt"
}