{
  "runs": [
    {
      "run_label": "group1_train101-110_unseen201-230",
      "episodes": 120,
      "train_seed_start": 101,
      "train_seed_count": 10,
      "seen_seed_start": 101,
      "seen_seed_count": 10,
      "unseen_seed_start": 201,
      "unseen_seed_count": 30,
      "cranes": 3,
      "lifts": 24,
      "candidate_k": 5,
      "seen_mappo_makespan_mean": 312.62440000000004,
      "seen_mappo_makespan_std": 53.08302755156303,
      "seen_nearest_makespan_mean": 353.0554,
      "seen_random_makespan_mean": 345.1597,
      "seen_nearest_improve_pct": 11.451743833970527,
      "seen_random_improve_pct": 9.426158384075531,
      "unseen_mappo_makespan_mean": 341.85376666666673,
      "unseen_mappo_makespan_std": 60.53503581876276,
      "unseen_nearest_makespan_mean": 339.8419666666667,
      "unseen_random_makespan_mean": 346.02066666666667,
      "unseen_nearest_improve_pct": -0.591981037460662,
      "unseen_random_improve_pct": 1.2042344291573936,
      "completion_rate_seen": 100.0,
      "completion_rate_unseen": 100.0,
      "hard_executed_seen": 0.0,
      "hard_executed_unseen": 0.0,
      "hard_mask_seen": 11.1,
      "hard_mask_unseen": 16.866666666666667,
      "soft_seen": 5.4,
      "soft_unseen": 5.866666666666666,
      "travel_unseen": 15.595131530393907,
      "setup_unseen": 111.33333333333333,
      "move_unseen": 155.951315303939,
      "generalization_gap": 29.229366666666692,
      "model_path": "python_mappo\\outputs_repeated\\group1_train101-110_unseen201-230\\pytorch_mappo_model.pt",
      "outdir": "python_mappo\\outputs_repeated\\group1_train101-110_unseen201-230"
    },
    {
      "run_label": "group2_train111-120_unseen231-260",
      "episodes": 120,
      "train_seed_start": 111,
      "train_seed_count": 10,
      "seen_seed_start": 111,
      "seen_seed_count": 10,
      "unseen_seed_start": 231,
      "unseen_seed_count": 30,
      "cranes": 3,
      "lifts": 24,
      "candidate_k": 5,
      "seen_mappo_makespan_mean": 325.5968,
      "seen_mappo_makespan_std": 52.07475628709174,
      "seen_nearest_makespan_mean": 366.9662,
      "seen_random_makespan_mean": 338.2257,
      "seen_nearest_improve_pct": 11.273354330725837,
      "seen_random_improve_pct": 3.7338676510980813,
      "unseen_mappo_makespan_mean": 324.9136666666667,
      "unseen_mappo_makespan_std": 55.450572268963604,
      "unseen_nearest_makespan_mean": 327.91186666666664,
      "unseen_random_makespan_mean": 328.81446666666665,
      "unseen_nearest_improve_pct": 0.9143310458623051,
      "unseen_random_improve_pct": 1.1863224995980348,
      "completion_rate_seen": 100.0,
      "completion_rate_unseen": 100.0,
      "hard_executed_seen": 0.0,
      "hard_executed_unseen": 0.0,
      "hard_mask_seen": 15.8,
      "hard_mask_unseen": 16.8,
      "soft_seen": 5.6,
      "soft_unseen": 6.933333333333334,
      "travel_unseen": 18.073800853874094,
      "setup_unseen": 103.33333333333333,
      "move_unseen": 180.73800853874093,
      "generalization_gap": -0.6831333333332736,
      "model_path": "python_mappo\\outputs_repeated\\group2_train111-120_unseen231-260\\pytorch_mappo_model.pt",
      "outdir": "python_mappo\\outputs_repeated\\group2_train111-120_unseen231-260"
    },
    {
      "run_label": "group3_train121-130_unseen261-290",
      "episodes": 120,
      "train_seed_start": 121,
      "train_seed_count": 10,
      "seen_seed_start": 121,
      "seen_seed_count": 10,
      "unseen_seed_start": 261,
      "unseen_seed_count": 30,
      "cranes": 3,
      "lifts": 24,
      "candidate_k": 5,
      "seen_mappo_makespan_mean": 278.9986,
      "seen_mappo_makespan_std": 25.130325521966487,
      "seen_nearest_makespan_mean": 323.1636,
      "seen_random_makespan_mean": 301.83820000000003,
      "seen_nearest_improve_pct": 13.666452533639298,
      "seen_random_improve_pct": 7.5668354767554336,
      "unseen_mappo_makespan_mean": 330.60266666666666,
      "unseen_mappo_makespan_std": 54.09767802246436,
      "unseen_nearest_makespan_mean": 327.3109666666667,
      "unseen_random_makespan_mean": 322.5083333333334,
      "unseen_nearest_improve_pct": -1.0056797159968849,
      "unseen_random_improve_pct": -2.5098059481666977,
      "completion_rate_seen": 100.0,
      "completion_rate_unseen": 100.0,
      "hard_executed_seen": 0.0,
      "hard_executed_unseen": 0.0,
      "hard_mask_seen": 9.2,
      "hard_mask_unseen": 17.0,
      "soft_seen": 5.9,
      "soft_unseen": 4.533333333333333,
      "travel_unseen": 16.04527156341435,
      "setup_unseen": 111.33333333333333,
      "move_unseen": 160.45271563414357,
      "generalization_gap": 51.604066666666654,
      "model_path": "python_mappo\\outputs_repeated\\group3_train121-130_unseen261-290\\pytorch_mappo_model.pt",
      "outdir": "python_mappo\\outputs_repeated\\group3_train121-130_unseen261-290"
    }
  ],
  "aggregate": {
    "runs": 3,
    "unseen_mappo_makespan_mean": 332.4567,
    "unseen_mappo_makespan_std_across_runs": 7.038931107459128,
    "unseen_nearest_improve_pct_mean": -0.22777656919841394,
    "seen_mappo_makespan_mean": 305.73993333333334,
    "seen_nearest_improve_pct_mean": 12.13051689944522,
    "completion_rate_unseen_mean": 100.0,
    "hard_executed_unseen_mean": 0.0,
    "hard_mask_unseen_mean": 16.88888888888889,
    "generalization_gap_mean": 26.71676666666669
  }
}