{
  "runs": [
    {
      "run_label": "group1_train101-110_unseen201-230",
      "episodes": 120,
      "train_seed_start": 101,
      "train_seed_count": 10,
      "seen_seed_start": 101,
      "seen_seed_count": 10,
      "unseen_seed_start": 201,
      "unseen_seed_count": 30,
      "cranes": 3,
      "lifts": 24,
      "candidate_k": 5,
      "seen_mappo_makespan_mean": 313.65119999999996,
      "seen_mappo_makespan_std": 29.948526273591494,
      "seen_nearest_makespan_mean": 347.8401,
      "seen_random_makespan_mean": 358.88989999999995,
      "seen_nearest_improve_pct": 9.828912767676885,
      "seen_random_improve_pct": 12.605175013284017,
      "unseen_mappo_makespan_mean": 342.8796333333333,
      "unseen_mappo_makespan_std": 54.93049918850992,
      "unseen_nearest_makespan_mean": 348.0688333333333,
      "unseen_random_makespan_mean": 344.59103333333337,
      "unseen_nearest_improve_pct": 1.4908545388292531,
      "unseen_random_improve_pct": 0.4966467012925997,
      "completion_rate_seen": 100.0,
      "completion_rate_unseen": 100.0,
      "hard_executed_seen": 0.0,
      "hard_executed_unseen": 0.0,
      "hard_mask_seen": 12.7,
      "hard_mask_unseen": 15.933333333333334,
      "soft_seen": 6.6,
      "soft_unseen": 5.633333333333334,
      "travel_unseen": 15.789021387998366,
      "setup_unseen": 113.66666666666667,
      "move_unseen": 157.89021387998363,
      "generalization_gap": 29.228433333333328,
      "model_path": "python_mappo/outputs_repeated/group1_train101-110_unseen201-230/pytorch_mappo_model.pt",
      "outdir": "python_mappo/outputs_repeated/group1_train101-110_unseen201-230"
    },
    {
      "run_label": "group2_train111-120_unseen231-260",
      "episodes": 120,
      "train_seed_start": 111,
      "train_seed_count": 10,
      "seen_seed_start": 111,
      "seen_seed_count": 10,
      "unseen_seed_start": 231,
      "unseen_seed_count": 30,
      "cranes": 3,
      "lifts": 24,
      "candidate_k": 5,
      "seen_mappo_makespan_mean": 337.2474,
      "seen_mappo_makespan_std": 45.775250214936015,
      "seen_nearest_makespan_mean": 341.44130000000007,
      "seen_random_makespan_mean": 346.59220000000005,
      "seen_nearest_improve_pct": 1.22829312095521,
      "seen_random_improve_pct": 2.6961945479442466,
      "unseen_mappo_makespan_mean": 327.39733333333334,
      "unseen_mappo_makespan_std": 51.606306478526015,
      "unseen_nearest_makespan_mean": 321.49666666666667,
      "unseen_random_makespan_mean": 333.30809999999997,
      "unseen_nearest_improve_pct": -1.835374135553505,
      "unseen_random_improve_pct": 1.773364243673236,
      "completion_rate_seen": 100.0,
      "completion_rate_unseen": 100.0,
      "hard_executed_seen": 0.0,
      "hard_executed_unseen": 0.0,
      "hard_mask_seen": 14.1,
      "hard_mask_unseen": 13.733333333333333,
      "soft_seen": 3.7,
      "soft_unseen": 5.0,
      "travel_unseen": 18.247785149187777,
      "setup_unseen": 115.33333333333333,
      "move_unseen": 182.47785149187771,
      "generalization_gap": -9.850066666666692,
      "model_path": "python_mappo/outputs_repeated/group2_train111-120_unseen231-260/pytorch_mappo_model.pt",
      "outdir": "python_mappo/outputs_repeated/group2_train111-120_unseen231-260"
    },
    {
      "run_label": "group3_train121-130_unseen261-290",
      "episodes": 120,
      "train_seed_start": 121,
      "train_seed_count": 10,
      "seen_seed_start": 121,
      "seen_seed_count": 10,
      "unseen_seed_start": 261,
      "unseen_seed_count": 30,
      "cranes": 3,
      "lifts": 24,
      "candidate_k": 5,
      "seen_mappo_makespan_mean": 298.78819999999996,
      "seen_mappo_makespan_std": 31.285259905584933,
      "seen_nearest_makespan_mean": 324.91049999999996,
      "seen_random_makespan_mean": 324.8491,
      "seen_nearest_improve_pct": 8.039844818803948,
      "seen_random_improve_pct": 8.022463352984527,
      "unseen_mappo_makespan_mean": 311.70206666666667,
      "unseen_mappo_makespan_std": 42.60063976118459,
      "unseen_nearest_makespan_mean": 328.42206666666664,
      "unseen_random_makespan_mean": 335.0580333333334,
      "unseen_nearest_improve_pct": 5.0910099219885865,
      "unseen_random_improve_pct": 6.970722783247223,
      "completion_rate_seen": 100.0,
      "completion_rate_unseen": 100.0,
      "hard_executed_seen": 0.0,
      "hard_executed_unseen": 0.0,
      "hard_mask_seen": 10.8,
      "hard_mask_unseen": 16.266666666666666,
      "soft_seen": 6.0,
      "soft_unseen": 5.433333333333334,
      "travel_unseen": 17.613655148948855,
      "setup_unseen": 99.0,
      "move_unseen": 176.13655148948854,
      "generalization_gap": 12.913866666666706,
      "model_path": "python_mappo/outputs_repeated/group3_train121-130_unseen261-290/pytorch_mappo_model.pt",
      "outdir": "python_mappo/outputs_repeated/group3_train121-130_unseen261-290"
    }
  ],
  "aggregate": {
    "runs": 3,
    "unseen_mappo_makespan_mean": 327.32634444444443,
    "unseen_mappo_makespan_std_across_runs": 12.728287273637662,
    "unseen_nearest_improve_pct_mean": 1.582163441754778,
    "seen_mappo_makespan_mean": 316.56226666666663,
    "seen_nearest_improve_pct_mean": 6.365683569145347,
    "completion_rate_unseen_mean": 100.0,
    "hard_executed_unseen_mean": 0.0,
    "hard_mask_unseen_mean": 15.31111111111111,
    "generalization_gap_mean": 10.76407777777778
  }
}