{
  "config": {
    "nC": 3,
    "nL": 24,
    "craneType": "50톤 모바일 크레인",
    "fixedDuration": 25,
    "setupTime": 10,
    "craneRadius": 18,
    "episodes": 150,
    "maxSteps": 220,
    "alpha": 0.18,
    "gamma": 0.92,
    "epsStart": 0.35,
    "epsEnd": 0.05,
    "seedRuns": 10,
    "baseSeed": 101,
    "learningMode": "multi",
    "learningAlgorithm": "mappo",
    "actorShareMode": "typeShared",
    "actorLr": 0.001,
    "criticLr": 0.002,
    "gaeLambda": 0.95,
    "ppoClip": 0.2,
    "candidateK": 5,
    "liftingRadius": 8,
    "safetyRadius": 14,
    "rSingle": 10,
    "rAll": 100,
    "rSame": 3,
    "pIdle": -0.5,
    "pInterSoft": -3,
    "pInterHard": -15,
    "pInter": -15,
    "pTime": -0.1,
    "pMove": -0.02
  },
  "elapsedSec": 19.738,
  "trainEpisodes": 150,
  "trainSummary": {
    "best": {
      "ep": 82,
      "seed": 102,
      "makespan": 246,
      "reward": 295.73842956096854,
      "soft": 2,
      "hardMask": 1,
      "move": 208.71901463438144
    },
    "first10": {
      "n": 10,
      "completeRate": 100,
      "makespan": 340.8,
      "makespanSd": 45.76854815263425,
      "reward": 408.85462389046944,
      "soft": 5.5,
      "hardMask": 7.2,
      "travel": 0,
      "setup": 0,
      "move": 234.84587031768547,
      "actualLiftRadius": 0,
      "actualDangerRadius": 0
    },
    "last20": {
      "n": 20,
      "completeRate": 100,
      "makespan": 287.2,
      "makespanSd": 29.84560269118384,
      "reward": 358.18954511024475,
      "soft": 4.7,
      "hardMask": 4.05,
      "travel": 0,
      "setup": 0,
      "move": 182.01516299184095,
      "actualLiftRadius": 0,
      "actualDangerRadius": 0
    },
    "modelStats": {
      "updates": 4344,
      "episodes": 0,
      "actorShareMode": "typeShared",
      "craneType": "50톤 모바일 크레인",
      "actorDim": 21,
      "criticDim": 14
    }
  },
  "seen": {
    "RL-before": {
      "n": 10,
      "completeRate": 100,
      "makespan": 357.2,
      "makespanSd": 36.46313206514218,
      "reward": 383.1759984682286,
      "soft": 3,
      "hardMask": 10.9,
      "travel": 21.913338439237926,
      "setup": 140,
      "move": 219.13338439237924,
      "actualLiftRadius": 15.270150626444288,
      "actualDangerRadius": 21.270150626444284
    },
    "MAPPO-trained": {
      "n": 10,
      "completeRate": 100,
      "makespan": 277.4,
      "makespanSd": 25.06870559083576,
      "reward": 432.44967897837057,
      "soft": 3.3,
      "hardMask": 2.3,
      "travel": 16.167736738764578,
      "setup": 102,
      "move": 161.6773673876458,
      "actualLiftRadius": 14.466858138657722,
      "actualDangerRadius": 20.466858138657724
    },
    "Nearest": {
      "n": 10,
      "completeRate": 100,
      "makespan": 326.8,
      "makespanSd": 27.370787347096908,
      "reward": 416.3933304685905,
      "soft": 7,
      "hardMask": 6.7,
      "travel": 17.02223177136507,
      "setup": 150,
      "move": 170.2223177136507,
      "actualLiftRadius": 15.176706470041973,
      "actualDangerRadius": 21.17670647004197
    },
    "Same-radius": {
      "n": 10,
      "completeRate": 100,
      "makespan": 329.9,
      "makespanSd": 32.191458494451595,
      "reward": 425.5743686445725,
      "soft": 6.9,
      "hardMask": 6.9,
      "travel": 16.58543785142507,
      "setup": 150,
      "move": 165.85437851425073,
      "actualLiftRadius": 15.265884502488257,
      "actualDangerRadius": 21.265884502488255
    },
    "Random": {
      "n": 10,
      "completeRate": 100,
      "makespan": 429.6,
      "makespanSd": 59.351832322178566,
      "reward": 359.63607481790143,
      "soft": 6.5,
      "hardMask": 19.9,
      "travel": 37.54641727366199,
      "setup": 184,
      "move": 375.46417273661984,
      "actualLiftRadius": 16.52147140056924,
      "actualDangerRadius": 22.52147140056924
    }
  },
  "unseen": {
    "RL-before": {
      "n": 30,
      "completeRate": 100,
      "makespan": 351.53333333333336,
      "makespanSd": 53.0915770678886,
      "reward": 405.21840116616914,
      "soft": 3.066666666666667,
      "hardMask": 11.566666666666666,
      "travel": 16.93866277943636,
      "setup": 128.33333333333334,
      "move": 169.3866277943636,
      "actualLiftRadius": 15.01850077374048,
      "actualDangerRadius": 21.018500773740477
    },
    "MAPPO-trained": {
      "n": 30,
      "completeRate": 100,
      "makespan": 297.3333333333333,
      "makespanSd": 35.45920974240057,
      "reward": 443.80727712599725,
      "soft": 2.066666666666667,
      "hardMask": 3.6333333333333333,
      "travel": 15.642409580009241,
      "setup": 108.66666666666667,
      "move": 156.42409580009243,
      "actualLiftRadius": 14.493450123478823,
      "actualDangerRadius": 20.493450123478816
    },
    "Nearest": {
      "n": 30,
      "completeRate": 100,
      "makespan": 356.43333333333334,
      "makespanSd": 72.1547796214653,
      "reward": 376.48988575617864,
      "soft": 7.6,
      "hardMask": 9.233333333333333,
      "travel": 15.589269701626812,
      "setup": 144.66666666666666,
      "move": 155.89269701626816,
      "actualLiftRadius": 15.176511074300398,
      "actualDangerRadius": 21.176511074300393
    },
    "Same-radius": {
      "n": 30,
      "completeRate": 100,
      "makespan": 355.23333333333335,
      "makespanSd": 72.2166570505417,
      "reward": 381.8143202867043,
      "soft": 7.2,
      "hardMask": 8.9,
      "travel": 15.285599044319042,
      "setup": 145,
      "move": 152.85599044319045,
      "actualLiftRadius": 15.302784648934145,
      "actualDangerRadius": 21.302784648934146
    },
    "Random": {
      "n": 30,
      "completeRate": 100,
      "makespan": 461.1,
      "makespanSd": 76.29213589879366,
      "reward": 396.287185231421,
      "soft": 5.766666666666667,
      "hardMask": 22.033333333333335,
      "travel": 35.098271450818785,
      "setup": 173.66666666666666,
      "move": 350.98271450818794,
      "actualLiftRadius": 16.17438800600704,
      "actualDangerRadius": 22.17438800600703
    }
  }
}