{"version":"browser-light-mappo-type-shared-v3-actual-radius-margin-features","typeActors":{"50톤 모바일 크레인":{"w":[0.005495882093278654,-0.0022127171143099676,0.005989047078075557,0.009896031186751966,0.00142689377302369,-0.2539772742120955,0.5500138188003791,-0.5630545428378672,0.2932432059744276,-0.029527623248972148,-0.17010947115539865,-0.0031288441841855153,-0.0557114982830471,-0.08635866449186869,-0.06112157616726072,-0.018819281520697388,-0.28008247586199897,-0.6515850520676624,0.8619615453038192,0.8599374100170394,0.6693866570175598]}},"critic":{"w":[44.36699247388273,11.725989307274434,32.65018477599435,13.170792575798743,14.570065836387029,2.7776525319059546,8.870319477994485,18.485327879987366,13.163318101210843,6.222236282960256,3.368923563478773,9.03260520481229,20.8306530176429,16.788382878212406]},"stats":{"updates":1332,"episodes":0,"actorShareMode":"typeShared","craneType":"50톤 모바일 크레인","actorDim":21,"criticDim":14},"actorDim":21,"criticDim":14,"curriculum":{"totalEpisodes":100,"chunks":[{"stage":"1단계","start":1,"end":100,"episodes":100,"nC":2,"nL":12}]}}