{"version":"browser-light-mappo-type-shared-v3-actual-radius-margin-features","typeActors":{"50톤 모바일 크레인":{"w":[0.005495882093278685,-0.0022127171143098818,0.005989047078075662,0.009896031186751917,0.00142689377302369,-0.4330089482453477,1.1010199908772804,-1.114060714914768,0.5201578776244543,-0.1009308976085384,0.00923370061529267,-0.0031288441841854807,-0.09973513264804192,-0.1781930265046844,-0.1290505743561667,-0.03512224108603473,-0.7728719224355766,-0.19999460532446672,1.477895979648995,1.4718790251157003,0.21779621027436352]}},"critic":{"w":[122.15210164201702,19.962028222383424,102.19925502901941,48.270924549780425,56.25194966488724,15.84970005133926,32.20585222843485,50.895790033376684,41.683707186942996,13.385891711717795,12.733820365770054,34.0357977444799,47.87235187309945,38.44666529139562]},"stats":{"updates":5709,"episodes":0,"actorShareMode":"typeShared","craneType":"50톤 모바일 크레인","actorDim":21,"criticDim":14},"actorDim":21,"criticDim":14,"curriculum":{"totalEpisodes":250,"chunks":[{"stage":"1단계","start":1,"end":100,"episodes":100,"nC":2,"nL":12},{"stage":"2단계","start":1,"end":150,"episodes":150,"nC":3,"nL":24}]}}