{"version":"browser-light-mappo-type-shared-v3-actual-radius-margin-features","typeActors":{"50톤 모바일 크레인":{"w":[0.005495882093278705,-0.002212717114309876,0.005989047078075765,0.009896031186751935,0.0014268937730237436,-0.6123396106704881,2.0217354705556745,-2.0347761945931637,0.6453682389573001,-0.12310060688486871,-0.24850682845011915,-0.0031288441841854707,-0.12743041747999315,-0.3316456064510829,-0.21962450674534187,-0.056859984859436725,-1.3027913140787615,-0.1668349128989538,1.8920662435478863,1.88533154443774,0.18463651784885077]}},"critic":{"w":[128.278028940075,12.745026449205783,115.54218410025514,55.96517808608531,66.2519803376311,20.771318033688303,34.65622314765806,53.95875368240568,48.01188130372629,14.501767640056817,12.946490722720894,40.594948564081356,46.48932793031245,37.86982570362325]},"stats":{"updates":8281,"episodes":0,"actorShareMode":"typeShared","craneType":"50톤 모바일 크레인","actorDim":21,"criticDim":14},"actorDim":21,"criticDim":14,"curriculum":{"totalEpisodes":305,"chunks":[{"stage":"1단계","start":1,"end":100,"episodes":100,"nC":2,"nL":12},{"stage":"2단계","start":1,"end":150,"episodes":150,"nC":3,"nL":24},{"stage":"3단계","start":1,"end":55,"episodes":55,"nC":4,"nL":36}]}}