{"version":"browser-light-mappo-type-shared-v3-actual-radius-margin-features","typeActors":{"50톤 모바일 크레인":{"w":[0.005495882093278728,-0.002212717114309935,0.005989047078075809,0.009896031186751992,0.0014268937730237238,-0.6440240971464786,2.5999177622028924,-2.6129584862403807,0.7684739588842486,-0.1547746048664144,-0.30358594066729727,-0.003128844184185459,-0.13196588545434695,-0.4280093217256204,-0.2700740983697875,-0.06896788684930365,-2.137734349975095,-0.3717832341553749,2.250308825235425,2.2417245939916777,0.3895848391052719]}},"critic":{"w":[132.58615015982585,8.189921646296494,124.40541012291561,61.19848799094016,73.04763635534178,24.010685280535863,36.37947163555874,56.112814292281314,53.30525523996433,15.80545271599637,13.349683013867024,45.17836391203398,46.02787465646633,38.374046025163295]},"stats":{"updates":10945,"episodes":0,"actorShareMode":"typeShared","craneType":"50톤 모바일 크레인","actorDim":21,"criticDim":14},"actorDim":21,"criticDim":14,"curriculum":{"totalEpisodes":360,"chunks":[{"stage":"1단계","start":1,"end":100,"episodes":100,"nC":2,"nL":12},{"stage":"2단계","start":1,"end":150,"episodes":150,"nC":3,"nL":24},{"stage":"3단계","start":1,"end":55,"episodes":55,"nC":4,"nL":36},{"stage":"3단계","start":56,"end":110,"episodes":55,"nC":4,"nL":36}]}}