{
  "stage": "3단계",
  "chunkStart": 111,
  "chunkEnd": 165,
  "chunkEpisodes": 55,
  "nC": 4,
  "nL": 36,
  "totalStageEpisodes": 220,
  "seedRuns": 15,
  "candidateK": 6,
  "maxSteps": 320,
  "elapsedSec": 192.872,
  "bestMakespan": 273,
  "avgComplete": 100,
  "avgReward": 555.5671365071875,
  "avgMakespan": 374.23636363636365,
  "avgHardMask": 13.854545454545455,
  "avgSoft": 7.490909090909091,
  "updates": 13613,
  "actorDim": 21,
  "criticDim": 14
}